SESSION NAME:,MS0811 GABO S9E01 Music Cue Sheet Domestic
SAMPLE RATE:,48000.000000
BIT DEPTH:,24-bit
SESSION START TIMECODE:,00:00:00:00
TIMECODE FORMAT:,25 Frame

No.,Name,Timecode In,Timecode Out,Duration
1,GABO_S8_EP01_FOXTEL_HD_MASTER_CLEAN.new,00:00:07:00,00:00:12:23,00:00:05:23
2,PRI_POSITIVE TASKING_Whisk Away_Melany Thompson (APRA)_NoShaker.wav.new,00:00:14:05,00:00:31:04,00:00:16:24
3,FTX-heart-of-the-fight-full.new,00:00:50:10,00:01:11:16,00:00:21:06
4,FTX-heart-of-the-fight-full.new,00:01:22:08,00:01:36:17,00:00:14:09
5,Rising Tension Bake,00:01:33:12,00:01:54:16,00:00:21:04
6,GBBO Flurry Bake EXTENDED v4.05,00:01:50:07,00:02:10:20,00:00:20:13
7,Rising Tension Bake 01_Cymbals_Howe.wav.new,00:01:51:03,00:01:58:11,00:00:07:08
8,GBBO Flurry Bake EXTENDED v4.05,00:01:52:06,00:02:11:07,00:00:19:01
9,GABO_START_MAGIC_942_DH_FULL.wav.new,00:02:10:21,00:02:32:19,00:00:21:23
10,Elefat107_Trk8_Cymbal_H_Sam_Music-06.,00:02:14:17,00:02:26:17,00:00:12:00
11,Rising Tension Bake Xmas_CYMBALS_Howe.wav.new,00:02:15:21,00:02:21:03,00:00:05:07
12,GBBO Light Busy Tension_Hi Perc & Cymbals_Howe.wav.new,00:02:15:24,00:02:19:05,00:00:03:06
13,GABO_START_SUN_018_AA_noDRMFX.wav.new,00:02:16:23,00:02:32:19,00:00:15:21
14,Happy Pizz,00:02:30:00,00:02:44:15,00:00:14:15
15,GBBO 12_Sticky Parchment Paper v1.03 TIDEWAY,00:02:47:11,00:03:01:06,00:00:13:20
16,Orchestral Winners and Losers,00:03:01:23,00:03:43:08,00:00:41:10
17,Titles 00_MIX_Howe.wav.new,00:03:40:05,00:04:12:06,00:00:32:01
18,ring-the-bell-04.,00:04:25:13,00:05:00:18,00:00:35:05
19,Elefat107_Trk8_Cymbal_H_Sam_Music-09.,00:04:57:02,00:05:09:02,00:00:12:00
20,ring-the-bell-pianoanddrones-02.,00:04:58:22,00:05:00:21,00:00:01:24
21,Energy of Baking 00_MIX_Howe.wav.new,00:05:20:22,00:06:23:13,00:01:02:16
22,Rising Tension Bake Xmas_CYMBALS_Howe.wav.new,00:06:11:03,00:06:16:22,00:00:05:19
23,GBBO Light Busy Tension_Hi Perc & Cymbals_Howe.wav.new,00:06:11:18,00:06:18:04,00:00:06:11
24,Holding Bake ALT 02_LOW STRINGS_Howe.wav.new,00:06:45:07,00:06:56:22,00:00:11:15
25,GABO_Simon says be silly_108_DH_03 noDRM.wav.new,00:07:00:04,00:07:11:18,00:00:11:14
26,GBBO_Caramelised Pizz,00:07:23:06,00:07:47:08,00:00:24:02
27,GABO4_QUIRKY_M&M's_602_CT_no,00:08:07:03,00:08:19:07,00:00:12:04
28,GBBO 12_Tutti Fruitti v1.02 TIDEWAY_2mx.wav.new,00:08:19:09,00:08:36:02,00:00:16:18
29,GBBO_Cinnamon Twist v1.02_2mx_TH.wav.new,00:08:54:21,00:09:07:09,00:00:12:13
30,GABO_POS_JOURNEY_601_CT_10 noSTGnMARIMBA.wav.new,00:09:14:15,00:09:29:15,00:00:15:00
31,GBBO_Rising Bread v1.02_2mx_TH.wav.new,00:09:42:17,00:09:53:24,00:00:11:07
32,GBBO 11_The Happy Blender v1.04_2mx_TH.wav.new,00:10:16:21,00:10:30:14,00:00:13:18
33,Light Baking 00_MIX_Howe.wav.new,00:10:32:14,00:10:49:11,00:00:16:22
34,Happy Pizz 00_MIX_Howe.wav.new,00:12:18:21,00:12:47:04,00:00:28:08
35,GBBO_Pear Shaped,00:13:03:02,00:13:27:11,00:00:24:09
36,GBBO14_Baked Mushroom Starter v1.03_TIDEWAY,00:13:47:02,00:14:16:08,00:00:29:06
37,PRI_TASKING POSITIVE_Splendid Sorbet_Nick Brown_(APRA),00:14:40:05,00:15:19:23,00:00:39:18
38,GBBO Flurry Bake EXTENDED v4.05,00:15:23:00,00:16:21:09,00:00:58:09
39,GABO_POSITIVE_MARVELOUS_019_AA_noSTR.wav.new,00:16:15:18,00:16:46:24,00:00:31:06
40,Wonder,00:17:00:01,00:17:10:17,00:00:10:16
41,Ticking Tarts 00_MIX_Howe.wav.new,00:17:17:02,00:17:32:21,00:00:15:19
42,Something Pizz,00:17:36:02,00:18:38:21,00:01:02:19
43,Piano Sparkle 00_MIX_Howe.wav.new,00:18:48:01,00:18:59:00,00:00:10:24
44,Elefat107_Trk8_Cymbal_H_Sam_Music-07.,00:18:55:12,00:19:07:12,00:00:12:00
45,Pastry Countdown 08_Howe_Short Strings Lo.wav.new,00:19:04:11,00:19:14:22,00:00:10:11
46,GBBO Light Busy Tension_Hi Perc & Cymbals_Howe.wav.new,00:19:12:10,00:19:18:22,00:00:06:12
47,GBBO 12_Comedy Batter v1.01 TIDEWAY,00:19:28:04,00:19:43:14,00:00:15:10
48,GABO4_QUIRKY_RUSH HOUR_603_CT,00:19:48:08,00:20:18:05,00:00:29:22
49,GABO_POSITIVE_BRIGHT_009_AA_07 noSTR.wav.new,00:20:40:13,00:20:58:24,00:00:18:11
50,GBBO Light Busy Tension_Hi Perc & Cymbals_Howe.wav.new,00:20:51:14,00:20:57:10,00:00:05:21
51,Piano Sparkle,00:21:09:24,00:21:34:13,00:00:24:14
52,Light Touch 00_Howe_2mx.wav.new,00:21:34:13,00:21:48:05,00:00:13:17
53,GBBO Light Busy Tension_Hi Perc & Cymbals_Howe.wav.new,00:21:46:13,00:21:52:24,00:00:06:11
54,Light Touch 06_Howe_Perc.wav.new,00:21:47:00,00:21:54:20,00:00:07:20
55,Rising Tension Bake Xmas_CYMBALS_Howe.wav.new,00:21:52:15,00:21:58:18,00:00:06:03
56,Countryside Air,00:22:51:17,00:23:20:24,00:00:29:07
57,GABO_PPM_HAPPY_Happy Halloumi_Jacquie Joy (APRA),00:23:19:24,00:23:32:21,00:00:12:22
58,Elefat107_Trk8_Cymbal_H_Sam_Music-08.,00:23:30:18,00:23:42:18,00:00:12:00
59,GABO_PPM_HAPPY_Happy Halloumi_Jacquie Joy (APRA)_Sting1.wav.new,00:23:32:19,00:23:35:09,00:00:02:15
60,GBBO_Caramelised Pizz v1.03 ALT,00:23:39:16,00:23:56:15,00:00:16:24
61,GBBO_Lightly Does It v1.01,00:24:19:10,00:24:59:21,00:00:40:11
62,Light Whisk_05_Strings_Howe.wav.new,00:25:04:07,00:25:12:01,00:00:07:19
63,Rising Tension Bake Xmas_CYMBALS_Howe.wav.new,00:25:10:12,00:25:16:06,00:00:05:19
64,GBBO Light Busy Tension_Hi Perc & Cymbals_Howe.wav.new,00:25:11:02,00:25:17:13,00:00:06:11
65,Light Whisk,00:25:11:07,00:25:33:10,00:00:22:03
66,GBBO14_Baked Mushroom Starter v1.03_TIDEWAY,00:25:35:14,00:26:08:08,00:00:32:19
67,GBBO Gentle Tension,00:26:05:05,00:26:36:16,00:00:31:11
68,GBBO 11_Melting Meringues v1.02,00:26:37:08,00:26:50:14,00:00:13:06
69,GBBO 11_Stiff Peaks v1.11,00:26:49:14,00:27:11:20,00:00:22:06
70,22 Thunder Roll (Timpani)-01.,00:27:17:01,00:27:19:07,00:00:02:06
71,Sugar Jam,00:27:17:16,00:27:33:05,00:00:15:14
72,GBBO 12_Icing Madness v1.01 TIDEWAY,00:27:43:10,00:28:11:14,00:00:28:04
73,GBBO Rhythmic Tension,00:28:11:21,00:28:41:06,00:00:29:10
74,PRI_LIGHT REFLECTIVE TICKING_Pastry Golden Hour_Joel Agius (APRA)_FULL MIX.wav.new,00:28:40:18,00:28:54:20,00:00:14:02
75,GBBO Icing Tension,00:28:56:00,00:29:28:09,00:00:32:09
76,GBBO 11_Melting Meringues v1.02,00:29:24:22,00:30:16:04,00:00:51:07
77,GBBO14_The Dough Is Rising v1.05_TIDEWAY,00:30:11:19,00:30:31:00,00:00:19:06
78,Elefat107_Trk8_Cymbal_H_Sam_Music-01.,00:30:30:09,00:30:42:09,00:00:12:00
79,GBBO_Cream Tension v1.03_2mx_TH.wav.new,00:30:32:00,00:30:49:17,00:00:17:17
80,Elefat107_Trk8_Cymbal_H_Sam_Music-01.,00:30:45:17,00:30:57:17,00:00:12:00
81,No Time 03_WWs_Howe.wav.new,00:30:49:24,00:31:14:01,00:00:24:02
82,Elefat107_Trk8_Cymbal_H_Sam_Music-01.,00:31:05:09,00:31:17:09,00:00:12:00
83,GABO4_START_SPRING_601_CT_noSTGS.wav.new,00:31:12:21,00:31:43:24,00:00:31:03
84,Elefat107_Trk8_Cymbal_H_Sam_Music-01.,00:31:32:10,00:31:44:10,00:00:12:00
85,GBBO_Caramelised Pizz V2.00_2mx_TH.wav.new,00:31:52:03,00:32:01:23,00:00:09:20
86,Elefat107_Trk8_Cymbal_H_Sam_Music-01.,00:31:59:18,00:32:11:18,00:00:12:00
87,GBBO_Caramelised Pizz v1.01,00:32:01:16,00:32:09:15,00:00:07:24
88,Elefat107_Trk8_Cymbal_H_Sam_Music-01.,00:32:18:22,00:32:30:22,00:00:12:00
89,GABO_QUIRKY_STICKYBEAKS_604_CT,00:32:20:19,00:33:01:11,00:00:40:17
90,Elefat107_Trk8_Cymbal_H_Sam_Music-02.,00:32:56:02,00:33:08:02,00:00:12:00
91,Dragon Strings 02_STRINGS_Howe.wav.new,00:33:09:18,00:33:32:24,00:00:23:06
92,Neutral Bed 00_MIX_Howe.wav.new,00:33:28:08,00:34:12:05,00:00:43:22
93,Wonder 00_MIX_Howe.wav.new,00:34:11:09,00:34:34:23,00:00:23:14
94,GBBO 12_Butter Cream Frosting v1.02 TIDEWAY_2mx.wav.new,00:34:45:20,00:35:00:05,00:00:14:10
95,Ticking Tarts 00_MIX_Howe.wav.new,00:35:06:06,00:35:30:10,00:00:24:04
96,Lemon Curd_01_Mallets_Howe.wav.new,00:35:30:07,00:35:56:07,00:00:26:00
97,GBBO13_Light Major Tension v1.02 TIDEWAY 2mx.wav.new,00:35:55:18,00:36:07:00,00:00:11:07
98,GBBO 12_Petit Fours v1.05 TIDEWAY_2mx.wav.new,00:36:14:21,00:36:33:02,00:00:18:06
99,GBBO Rhythmic Tension,00:36:32:04,00:36:46:01,00:00:13:22
100,Emotive Bake,00:36:49:06,00:37:13:09,00:00:24:03
101,Elefat107_Trk8_Cymbal_H_Sam_Music-02.,00:37:09:23,00:37:21:23,00:00:12:00
102,Emotive Bake 00_MIX_Howe.wav.new,00:37:12:00,00:37:28:22,00:00:16:22
103,Elefat107_Trk8_Cymbal_H_Sam_Music-03.,00:37:22:18,00:37:34:18,00:00:12:00
104,Organic Orchestral 00_MIX_Howe.wav.new,00:37:28:10,00:37:40:06,00:00:11:21
105,Elefat107_Trk8_Cymbal_H_Sam_Music-03.,00:37:37:21,00:37:49:21,00:00:12:00
106,Organic Orchestral 05_PIANO_Howe.wav.new,00:37:39:10,00:37:50:11,00:00:11:01
107,GBBO_Caramelised Pizz v2.00_Mallets_TH.wav.new,00:37:58:10,00:38:12:14,00:00:14:04
108,Elefat107_Trk8_Cymbal_H_Sam_Music-04.,00:38:08:18,00:38:20:18,00:00:12:00
109,Energy of Baking 00_MIX_Howe.wav.new,00:38:32:12,00:39:33:01,00:01:00:14
110,GBBO_Pepper Pizz v1.02_2mx_TH.wav.new,00:39:46:24,00:40:04:23,00:00:17:24
111,More Dragons 00_MIX_Howe.wav.new,00:40:20:07,00:40:51:10,00:00:31:03
112,GBBO 11_Bun In The Oven v1.03,00:41:08:17,00:41:33:17,00:00:25:00
113,Elefat107_Trk8_Cymbal_H_Sam_Music-05.,00:41:30:00,00:41:42:00,00:00:12:00
114,GBBO 11_Bun In The Oven v1.03_2mx_TH.wav.new,00:41:32:06,00:41:49:02,00:00:16:21
115,GABO4_QUIRKY_RUSH HOUR_603_CT_FULL.wav.new,00:42:19:19,00:42:41:24,00:00:22:05
116,Elefat107_Trk8_Cymbal_H_Sam_Music-05.,00:42:35:11,00:42:47:11,00:00:12:00
117,GBBO14_Baked Mushroom Starter v1.03_TIDEWAY 2mx,00:43:40:03,00:44:25:04,00:00:45:01
118,GBBO_Over Baked v1.01_2mx_TH.wav.new,00:44:41:10,00:45:09:20,00:00:28:10
119,GBBO_Cinnamon Twist v1.02_2mx_TH.wav.new,00:45:24:24,00:45:57:14,00:00:32:15
120,Dragon Strings 00_MIX_Howe.wav.new,00:46:24:15,00:46:52:09,00:00:27:19
121,Rising Tension Bake Xmas_CYMBALS_Howe.wav.new,00:46:50:07,00:46:56:00,00:00:05:18
122,GBBO Light Busy Tension_Hi Perc & Cymbals_Howe.wav.new,00:46:50:21,00:46:57:07,00:00:06:11
123,Dragon Strings 03_MALLETS_Howe.wav.new,00:46:51:18,00:46:58:24,00:00:07:06
124,GBBO 11_Melting Meringues v1.02_2mx_TH.wav.new,00:48:04:05,00:48:42:00,00:00:37:20
125,GBBO 12_Petit Fours v1.05 TIDEWAY,00:49:01:07,00:50:09:14,00:01:08:07
126,Egg Timer Bake 00_MIX_Howe.wav.new,00:50:12:07,00:51:15:12,00:01:03:05
127,Emotive Bake 00_MIX_Howe.wav.new,00:51:08:04,00:51:25:13,00:00:17:09
128,Elefat107_Trk8_Cymbal_H_Sam_Music-05.,00:51:18:21,00:51:30:21,00:00:12:00
129,GBBO 11_GBBO_Soggy Bottoms Up v2.01_2mx_TH.wav.new,00:51:24:12,00:52:07:15,00:00:43:03
130,GABO_TENSE_No time to Bake_DH_02 noDRM.wav.new,00:52:07:06,00:52:28:17,00:00:21:11
131,GABO_QUIRKY_STICKYBEAKS_604_CT_10 noPNOnSTGnMARIMBAnGTR.wav.new,00:52:28:24,00:52:53:24,00:00:25:00
132,GBBO 12_Sticky Parchment Paper v1.03 TIDEWAY_2mx.wav.new,00:53:14:10,00:53:48:09,00:00:33:24
133,GABO_ACTION_CHEFS_604_V2_CT,00:54:13:04,00:55:33:06,00:01:20:02
134,Rising Tension Bake Xmas_CYMBALS_Howe.wav.new,00:55:16:13,00:55:22:07,00:00:05:19
135,GBBO Light Busy Tension_Hi Perc & Cymbals_Howe.wav.new,00:55:17:03,00:55:23:14,00:00:06:11
136,GBBO Icing Tension_2mx_Howe.wav.new,00:55:45:01,00:56:13:18,00:00:28:17
137,Elefat107_Trk8_Cymbal_H_Sam_Music-05.,00:56:08:24,00:56:20:24,00:00:12:00
138,GBBO 12_Neutral Croissant v1.01 TIDEWAY_2mx.wav.new,00:56:24:22,00:57:08:17,00:00:43:20
139,GABO_TENSION_Bake the Tension_107_DH_01 FULL.wav.new,00:57:38:16,00:57:59:14,00:00:20:23
140,Elefat107_Trk8_Cymbal_H_Sam_Music-05.,00:57:57:09,00:58:09:09,00:00:12:00
141,GABO_TENSION_Bake the Tension_107_DH_03 noSTRnoLEAD.wav.new,00:57:59:00,00:58:03:21,00:00:04:21
142,Bakewell Counting 03_VIBRAPHONE_Howe.wav.new,00:58:11:12,00:58:17:12,00:00:06:00
143,GABO_TENSE_KITCHEN_DRAMA_308_DR_11 noSTRNGS.wav.new,00:58:17:17,00:59:21:11,00:01:03:19
144,GABO_TENSE_MIXER_011v2_AA,00:59:19:00,00:59:46:17,00:00:27:17
145,GABO_TENSE_BURNT_609_CT_01 FULL.wav.new,00:59:50:16,01:00:09:24,00:00:19:08
146,Ticking Cells v2 02_Mallets_Howe.wav.new,00:59:50:16,01:00:09:18,00:00:19:02
147,Sugar Jam 00_Howe_2mx.wav.new,01:00:08:23,01:00:50:02,00:00:41:04
148,GABO_POSITIVE_CANDLE_014_AA_07 noSTR.wav.new,01:00:51:07,01:01:29:00,00:00:37:18
149,Light Whisk,01:01:25:12,01:01:41:15,00:00:16:03
150,GBBO 11_The Happy Blender v1.04_2mx_TH.wav.new,01:02:17:24,01:03:21:22,00:01:03:23
151,Tense Mallet Cake 00_MIX_Howe.wav.new,01:03:21:18,01:03:54:04,00:00:32:11
152,Win Some Lose Some,01:03:53:19,01:04:09:01,00:00:15:07
153,GABO_TENSE_DREDGE_016_AA_STR.wav.new,01:04:07:02,01:04:23:02,00:00:16:00
154,Win Some Lose Some 00_MIX_Howe.wav.new,01:04:22:03,01:05:25:11,00:01:03:08
155,3s_FOXTEL_new.new,01:05:23:21,01:05:26:21,00:00:03:00
